{
"lengthUnit": "mil",
"components": {
	"fields": ["COMPONENT_NO", "COMPONENT_NAME", "LAYER", "X_COORDINATE", "Y_COORDINATE", "ANGLE"],
	"rows": [
		[1, "AUDIOOUT2", "T", 681.1, -3716.54, 0],
		[2, "VOCT1_A0", "T", 275.59, -2527.56, 0],
		[3, "CV2_A2", "T", 275.59, -3122.05, 0],
		[4, "CV1_A1", "T", 681.1, -2527.56, 0],
		[5, "CV_OUT1", "T", 275.59, -3716.54, 0],
		[6, "CV3_A3", "T", 681.1, -3122.05, 0],
		[7, "U1", "T", 400, -669.29, 270],
		[8, "U2", "T", 400, -1023.62, 270],
		[9, "LED2", "T", 400, -1535.43, 0],
		[10, "H11", "B", 110.24, -314.96, 90],
		[11, "D1", "B", 51.18, -2500, 270],
		[12, "D2", "B", 287.4, -2500, 90],
		[13, "R8", "B", 90.54, -3228.36, 0],
		[14, "R10", "B", 708.66, -2637.8, 180],
		[15, "R102", "B", 208.65, -3090.57, 270],
		[16, "R103", "B", 669.29, -3090.55, 270],
		[17, "R101", "B", 669.29, -2500, 270],
		[18, "R7", "B", 90.55, -3678.5, 0],
		[19, "R11", "B", 708.66, -3228.35, 180],
		[20, "D5", "B", 511.81, -3090.55, 270],
		[21, "D6", "B", 748.03, -3090.55, 90],
		[22, "D7", "B", 51.17, -3090.57, 270],
		[23, "D8", "B", 287.39, -3090.57, 90],
		[24, "D9", "B", 511.81, -2500, 270],
		[25, "D10", "B", 748.03, -2500, 90],
		[26, "R24", "B", 325, -3855, 0],
		[27, "D11", "B", 181.85, -728.35, 180],
		[28, "I2", "B", 398.43, -1535.43, 90],
		[29, "U5", "B", 355, -3510, 0],
		[30, "R104", "B", 325, -3735, 0],
		[31, "R106", "B", 708.66, -3805, 270],
		[32, "R25", "B", 475, -3735, 180],
		[33, "R105", "B", 708.66, -3605, 90],
		[34, "U3", "T", 295.28, -255.91, 90],
		[35, "C10", "B", 475, -3855, 0],
		[36, "D12", "B", 265, -180, 270],
		[37, "C3", "B", 590.55, -2500, 270],
		[38, "C11", "B", 129.91, -3090.57, 270],
		[39, "C9", "B", 708.66, -3445, 270],
		[40, "C4", "B", 590.55, -3090.55, 270],
		[41, "R12", "B", 698.03, -472.44, 270],
		[42, "R3", "B", 90.55, -2637.8, 0],
		[43, "C2", "B", 129.92, -2500, 270],
		[44, "C7", "B", 90.55, -3775, 0],
		[45, "C6", "B", 698.03, -649.61, 270],
		[46, "R21", "B", 510, -3580, 270],
		[47, "R100", "B", 208.66, -2500, 270],
		[48, "C5", "B", 588.54, -2113.43, 270],
		[49, "C8", "B", 509.8, -2270.91, 90],
		[50, "C13", "B", 181.85, -629.92, 0],
		[51, "R1", "B", 509.8, -1955.94, 90],
		[52, "R2", "B", 588.54, -1955.94, 90],
		[53, "R13", "B", 393.7, -1397.64, 45],
		[54, "R14", "B", 393.7, -1515.75, 45],
		[55, "R15", "B", 390, -1633.86, 45],
		[56, "R16", "B", 590.55, -1535.43, 180],
		[57, "R17", "B", 590.55, -1614.17, 180],
		[58, "R18", "B", 590.55, -1692.91, 180],
		[59, "R19", "B", 590.55, -1771.65, 180],
		[60, "R20", "B", 509.8, -2113.43, 90]
	]
},
"pins": {
	"fields": ["PIN_NO", "PIN_NAME", "PIN_X", "PIN_Y", "LAYER", "PIN_TYPE", "NET_NAME", "NET_TYPE", "PAD_SHAPE", "PAD_SIZEX", "PAD_SIZEY", "HOLE_SIZE"],
	"rows": [
		[1, "AUDIOOUT2_3", 601.1, -3438.98, "T", "DIP", "GND", "GND", "R", 75.98, 72.05, 48.03],
		[2, "AUDIOOUT2_3", 601.1, -3438.98, "B", "DIP", "GND", "GND", "R", 75.98, 72.05, 48.03],
		[3, "AUDIOOUT2_2", 601.1, -3561.02, "T", "DIP", "$1N69842", "", "C", 83.86, 83.86, 55.91],
		[4, "AUDIOOUT2_2", 601.1, -3561.02, "B", "DIP", "$1N69842", "", "C", 83.86, 83.86, 55.91],
		[5, "AUDIOOUT2_1", 601.1, -3887.79, "T", "DIP", "$1N69842", "", "C", 83.86, 83.86, 56.3],
		[6, "AUDIOOUT2_1", 601.1, -3887.79, "B", "DIP", "$1N69842", "", "C", 83.86, 83.86, 56.3],
		[7, "VOCT1_A0_3", 195.59, -2250, "T", "DIP", "GND", "GND", "R", 75.98, 72.05, 48.03],
		[8, "VOCT1_A0_3", 195.59, -2250, "B", "DIP", "GND", "GND", "R", 75.98, 72.05, 48.03],
		[9, "VOCT1_A0_2", 195.59, -2372.05, "T", "DIP", "GND", "GND", "C", 83.86, 83.86, 55.91],
		[10, "VOCT1_A0_2", 195.59, -2372.05, "B", "DIP", "GND", "GND", "C", 83.86, 83.86, 55.91],
		[11, "VOCT1_A0_1", 195.59, -2698.82, "T", "DIP", "$1N111357", "", "C", 83.86, 83.86, 56.3],
		[12, "VOCT1_A0_1", 195.59, -2698.82, "B", "DIP", "$1N111357", "", "C", 83.86, 83.86, 56.3],
		[13, "CV2_A2_3", 195.59, -2844.49, "T", "DIP", "GND", "GND", "R", 75.98, 72.05, 48.03],
		[14, "CV2_A2_3", 195.59, -2844.49, "B", "DIP", "GND", "GND", "R", 75.98, 72.05, 48.03],
		[15, "CV2_A2_2", 195.59, -2966.54, "T", "DIP", "GND", "GND", "C", 83.86, 83.86, 55.91],
		[16, "CV2_A2_2", 195.59, -2966.54, "B", "DIP", "GND", "GND", "C", 83.86, 83.86, 55.91],
		[17, "CV2_A2_1", 195.59, -3293.31, "T", "DIP", "$1N76746", "", "C", 83.86, 83.86, 56.3],
		[18, "CV2_A2_1", 195.59, -3293.31, "B", "DIP", "$1N76746", "", "C", 83.86, 83.86, 56.3],
		[19, "CV1_A1_3", 601.1, -2250, "T", "DIP", "GND", "GND", "R", 75.98, 72.05, 48.03],
		[20, "CV1_A1_3", 601.1, -2250, "B", "DIP", "GND", "GND", "R", 75.98, 72.05, 48.03],
		[21, "CV1_A1_2", 601.1, -2372.05, "T", "DIP", "GND", "GND", "C", 83.86, 83.86, 55.91],
		[22, "CV1_A1_2", 601.1, -2372.05, "B", "DIP", "GND", "GND", "C", 83.86, 83.86, 55.91],
		[23, "CV1_A1_1", 601.1, -2698.82, "T", "DIP", "$1N76749", "", "C", 83.86, 83.86, 56.3],
		[24, "CV1_A1_1", 601.1, -2698.82, "B", "DIP", "$1N76749", "", "C", 83.86, 83.86, 56.3],
		[25, "CV_OUT1_3", 195.59, -3438.98, "T", "DIP", "GND", "GND", "R", 75.98, 72.05, 48.03],
		[26, "CV_OUT1_3", 195.59, -3438.98, "B", "DIP", "GND", "GND", "R", 75.98, 72.05, 48.03],
		[27, "CV_OUT1_2", 195.59, -3561.02, "T", "DIP", "GND", "GND", "C", 83.86, 83.86, 55.91],
		[28, "CV_OUT1_2", 195.59, -3561.02, "B", "DIP", "GND", "GND", "C", 83.86, 83.86, 55.91],
		[29, "CV_OUT1_1", 195.59, -3887.79, "T", "DIP", "$1N114897", "", "C", 83.86, 83.86, 56.3],
		[30, "CV_OUT1_1", 195.59, -3887.79, "B", "DIP", "$1N114897", "", "C", 83.86, 83.86, 56.3],
		[31, "CV3_A3_3", 601.1, -2844.49, "T", "DIP", "GND", "GND", "R", 75.98, 72.05, 48.03],
		[32, "CV3_A3_3", 601.1, -2844.49, "B", "DIP", "GND", "GND", "R", 75.98, 72.05, 48.03],
		[33, "CV3_A3_2", 601.1, -2966.54, "T", "DIP", "GND", "GND", "C", 83.86, 83.86, 55.91],
		[34, "CV3_A3_2", 601.1, -2966.54, "B", "DIP", "GND", "GND", "C", 83.86, 83.86, 55.91],
		[35, "CV3_A3_1", 601.1, -3293.31, "T", "DIP", "$1N76768", "", "C", 83.86, 83.86, 56.3],
		[36, "CV3_A3_1", 601.1, -3293.31, "B", "DIP", "$1N76768", "", "C", 83.86, 83.86, 56.3],
		[37, "U1_1", 488.58, -541.34, "T", "DIP", "$1N37465", "", "C", 70.87, 70.87, 47.24],
		[38, "U1_1", 488.58, -541.34, "B", "DIP", "$1N37465", "", "C", 70.87, 70.87, 47.24],
		[39, "U1_2", 488.58, -797.24, "T", "DIP", "$1N37465", "", "C", 70.87, 70.87, 47.24],
		[40, "U1_2", 488.58, -797.24, "B", "DIP", "$1N37465", "", "C", 70.87, 70.87, 47.24],
		[41, "U1_3", 311.42, -541.34, "T", "DIP", "GND", "GND", "C", 70.87, 70.87, 47.24],
		[42, "U1_3", 311.42, -541.34, "B", "DIP", "GND", "GND", "C", 70.87, 70.87, 47.24],
		[43, "U1_4", 311.42, -797.24, "T", "DIP", "GND", "GND", "C", 70.87, 70.87, 47.24],
		[44, "U1_4", 311.42, -797.24, "B", "DIP", "GND", "GND", "C", 70.87, 70.87, 47.24],
		[45, "U2_1", 488.58, -895.67, "T", "DIP", "$1N59158", "", "C", 70.87, 70.87, 47.24],
		[46, "U2_1", 488.58, -895.67, "B", "DIP", "$1N59158", "", "C", 70.87, 70.87, 47.24],
		[47, "U2_2", 488.58, -1151.57, "T", "DIP", "$1N59158", "", "C", 70.87, 70.87, 47.24],
		[48, "U2_2", 488.58, -1151.57, "B", "DIP", "$1N59158", "", "C", 70.87, 70.87, 47.24],
		[49, "U2_3", 311.42, -895.67, "T", "DIP", "GND", "GND", "C", 70.87, 70.87, 47.24],
		[50, "U2_3", 311.42, -895.67, "B", "DIP", "GND", "GND", "C", 70.87, 70.87, 47.24],
		[51, "U2_4", 311.42, -1151.57, "T", "DIP", "GND", "GND", "C", 70.87, 70.87, 47.24],
		[52, "U2_4", 311.42, -1151.57, "B", "DIP", "GND", "GND", "C", 70.87, 70.87, 47.24],
		[53, "LED2_1", 300, -1385.43, "T", "DIP", "+5V", "", "C", 60, 60, 36],
		[54, "LED2_1", 300, -1385.43, "B", "DIP", "+5V", "", "C", 60, 60, 36],
		[55, "LED2_2", 300, -1485.43, "T", "DIP", "$1N49730", "", "C", 60, 60, 36],
		[56, "LED2_2", 300, -1485.43, "B", "DIP", "$1N49730", "", "C", 60, 60, 36],
		[57, "LED2_3", 300, -1585.43, "T", "DIP", "$1N49733", "", "C", 60, 60, 36],
		[58, "LED2_3", 300, -1585.43, "B", "DIP", "$1N49733", "", "C", 60, 60, 36],
		[59, "LED2_4", 300, -1685.43, "T", "DIP", "$1N49742", "", "C", 60, 60, 36],
		[60, "LED2_4", 300, -1685.43, "B", "DIP", "$1N49742", "", "C", 60, 60, 36],
		[61, "LED2_5", 500, -1685.43, "T", "DIP", "$1N37453", "", "C", 60, 60, 36],
		[62, "LED2_5", 500, -1685.43, "B", "DIP", "$1N37453", "", "C", 60, 60, 36],
		[63, "LED2_6", 500, -1585.43, "T", "DIP", "$1N49757", "", "C", 60, 60, 36],
		[64, "LED2_6", 500, -1585.43, "B", "DIP", "$1N49757", "", "C", 60, 60, 36],
		[65, "LED2_7", 500, -1485.43, "T", "DIP", "$1N49760", "", "C", 60, 60, 36],
		[66, "LED2_7", 500, -1485.43, "B", "DIP", "$1N49760", "", "C", 60, 60, 36],
		[67, "LED2_8", 500, -1385.43, "T", "DIP", "$1N49766", "", "C", 60, 60, 36],
		[68, "LED2_8", 500, -1385.43, "B", "DIP", "$1N49766", "", "C", 60, 60, 36],
		[69, "H11_1", 60.24, -514.96, "T", "DIP", "$1N84747", "", "R", 66.93, 66.93, 43.31],
		[70, "H11_1", 60.24, -514.96, "B", "DIP", "$1N84747", "", "R", 66.93, 66.93, 43.31],
		[71, "H11_2", 160.24, -514.96, "T", "DIP", "$1N84747", "", "C", 66.93, 66.93, 43.31],
		[72, "H11_2", 160.24, -514.96, "B", "DIP", "$1N84747", "", "C", 66.93, 66.93, 43.31],
		[73, "H11_3", 60.24, -414.96, "T", "DIP", "GND", "GND", "C", 66.93, 66.93, 43.31],
		[74, "H11_3", 60.24, -414.96, "B", "DIP", "GND", "GND", "C", 66.93, 66.93, 43.31],
		[75, "H11_4", 160.24, -414.96, "T", "DIP", "GND", "GND", "C", 66.93, 66.93, 43.31],
		[76, "H11_4", 160.24, -414.96, "B", "DIP", "GND", "GND", "C", 66.93, 66.93, 43.31],
		[77, "H11_5", 60.24, -314.96, "T", "DIP", "GND", "GND", "C", 66.93, 66.93, 43.31],
		[78, "H11_5", 60.24, -314.96, "B", "DIP", "GND", "GND", "C", 66.93, 66.93, 43.31],
		[79, "H11_6", 160.24, -314.96, "T", "DIP", "GND", "GND", "C", 66.93, 66.93, 43.31],
		[80, "H11_6", 160.24, -314.96, "B", "DIP", "GND", "GND", "C", 66.93, 66.93, 43.31],
		[81, "H11_7", 60.24, -214.96, "T", "DIP", "GND", "GND", "C", 66.93, 66.93, 43.31],
		[82, "H11_7", 60.24, -214.96, "B", "DIP", "GND", "GND", "C", 66.93, 66.93, 43.31],
		[83, "H11_8", 160.24, -214.96, "T", "DIP", "GND", "GND", "C", 66.93, 66.93, 43.31],
		[84, "H11_8", 160.24, -214.96, "B", "DIP", "GND", "GND", "C", 66.93, 66.93, 43.31],
		[85, "H11_9", 60.24, -114.96, "T", "DIP", "$1N106425", "", "C", 66.93, 66.93, 43.31],
		[86, "H11_9", 60.24, -114.96, "B", "DIP", "$1N106425", "", "C", 66.93, 66.93, 43.31],
		[87, "H11_10", 160.24, -114.96, "T", "DIP", "$1N106425", "", "C", 66.93, 66.93, 43.31],
		[88, "H11_10", 160.24, -114.96, "B", "DIP", "$1N106425", "", "C", 66.93, 66.93, 43.31],
		[89, "D1_2", 51.18, -2566.93, "B", "SMD", "$1N114827", "", "R", 47.24, 37.4, 0],
		[90, "D1_1", 51.18, -2433.07, "B", "SMD", "+5V", "", "R", 47.24, 37.4, 0],
		[91, "D2_2", 287.4, -2433.07, "B", "SMD", "GND", "GND", "R", 47.24, 37.4, 0],
		[92, "D2_1", 287.4, -2566.93, "B", "SMD", "$1N114827", "", "R", 47.24, 37.4, 0],
		[93, "R8_2", 129.91, -3228.36, "B", "SMD", "$1N76746", "", "R", 44.59, 54.21, 0],
		[94, "R8_1", 51.17, -3228.36, "B", "SMD", "$1N74367", "", "R", 44.59, 54.21, 0],
		[95, "R10_2", 669.29, -2637.8, "B", "SMD", "$1N76749", "", "R", 44.59, 54.21, 0],
		[96, "R10_1", 748.03, -2637.8, "B", "SMD", "$1N76680", "", "R", 44.59, 54.21, 0],
		[97, "R102_2", 208.65, -3129.94, "B", "SMD", "$1N74367", "", "R", 44.59, 54.21, 0],
		[98, "R102_1", 208.65, -3051.2, "B", "SMD", "GND", "GND", "R", 44.59, 54.21, 0],
		[99, "R103_2", 669.29, -3129.92, "B", "SMD", "$1N76709", "", "R", 44.59, 54.21, 0],
		[100, "R103_1", 669.29, -3051.18, "B", "SMD", "GND", "GND", "R", 44.59, 54.21, 0],
		[101, "R101_2", 669.29, -2539.37, "B", "SMD", "$1N76680", "", "R", 44.59, 54.21, 0],
		[102, "R101_1", 669.29, -2460.63, "B", "SMD", "GND", "GND", "R", 44.59, 54.21, 0],
		[103, "R7_2", 129.92, -3678.5, "B", "SMD", "$1N71312", "", "R", 44.59, 54.21, 0],
		[104, "R7_1", 51.18, -3678.5, "B", "SMD", "$1N114897", "", "R", 44.59, 54.21, 0],
		[105, "R11_2", 669.29, -3228.35, "B", "SMD", "$1N76768", "", "R", 44.59, 54.21, 0],
		[106, "R11_1", 748.03, -3228.35, "B", "SMD", "$1N76709", "", "R", 44.59, 54.21, 0],
		[107, "D5_2", 511.81, -3157.48, "B", "SMD", "$1N76709", "", "R", 47.24, 37.4, 0],
		[108, "D5_1", 511.81, -3023.62, "B", "SMD", "+5V", "", "R", 47.24, 37.4, 0],
		[109, "D6_2", 748.03, -3023.62, "B", "SMD", "GND", "GND", "R", 47.24, 37.4, 0],
		[110, "D6_1", 748.03, -3157.48, "B", "SMD", "$1N76709", "", "R", 47.24, 37.4, 0],
		[111, "D7_2", 51.17, -3157.5, "B", "SMD", "$1N74367", "", "R", 47.24, 37.4, 0],
		[112, "D7_1", 51.17, -3023.64, "B", "SMD", "+5V", "", "R", 47.24, 37.4, 0],
		[113, "D8_2", 287.39, -3023.64, "B", "SMD", "GND", "GND", "R", 47.24, 37.4, 0],
		[114, "D8_1", 287.39, -3157.5, "B", "SMD", "$1N74367", "", "R", 47.24, 37.4, 0],
		[115, "D9_2", 511.81, -2566.93, "B", "SMD", "$1N76680", "", "R", 47.24, 37.4, 0],
		[116, "D9_1", 511.81, -2433.07, "B", "SMD", "+5V", "", "R", 47.24, 37.4, 0],
		[117, "D10_2", 748.03, -2433.07, "B", "SMD", "GND", "GND", "R", 47.24, 37.4, 0],
		[118, "D10_1", 748.03, -2566.93, "B", "SMD", "$1N76680", "", "R", 47.24, 37.4, 0],
		[119, "R24_2", 364.37, -3855, "B", "SMD", "$1N96351", "", "R", 44.59, 54.21, 0],
		[120, "R24_1", 285.63, -3855, "B", "SMD", "$1N96363", "", "R", 44.59, 54.21, 0],
		[121, "D11_2", 114.92, -728.35, "B", "SMD", "$1N84747", "", "R", 47.24, 37.4, 0],
		[122, "D11_1", 248.78, -728.35, "B", "SMD", "+12", "", "R", 47.24, 37.4, 0],
		[123, "I2_29", 98.43, -935.43, "T", "DIP", "GND", "GND", "C", 62.99, 62.99, 35.43],
		[124, "I2_29", 98.43, -935.43, "B", "DIP", "GND", "GND", "C", 62.99, 62.99, 35.43],
		[125, "I2_27", 98.43, -1135.43, "T", "DIP", "+5V", "", "C", 62.99, 62.99, 35.43],
		[126, "I2_27", 98.43, -1135.43, "B", "DIP", "+5V", "", "C", 62.99, 62.99, 35.43],
		[127, "I2_23", 98.43, -1535.43, "T", "DIP", "$1N114941", "", "C", 62.99, 62.99, 35.43],
		[128, "I2_23", 98.43, -1535.43, "B", "DIP", "$1N114941", "", "C", 62.99, 62.99, 35.43],
		[129, "I2_21", 98.43, -1735.43, "T", "DIP", "$1N74367", "", "C", 62.99, 62.99, 35.43],
		[130, "I2_21", 98.43, -1735.43, "B", "DIP", "$1N74367", "", "C", 62.99, 62.99, 35.43],
		[131, "I2_19", 98.43, -1935.43, "T", "DIP", "$1N114827", "", "C", 62.99, 62.99, 35.43],
		[132, "I2_19", 98.43, -1935.43, "B", "DIP", "$1N114827", "", "C", 62.99, 62.99, 35.43],
		[133, "I2_15", 698.43, -2235.43, "T", "DIP", "$1N37465", "", "C", 62.99, 62.99, 35.43],
		[134, "I2_15", 698.43, -2235.43, "B", "DIP", "$1N37465", "", "C", 62.99, 62.99, 35.43],
		[135, "I2_13", 698.43, -2035.43, "T", "DIP", "$1N2134", "", "C", 62.99, 62.99, 35.43],
		[136, "I2_13", 698.43, -2035.43, "B", "DIP", "$1N2134", "", "C", 62.99, 62.99, 35.43],
		[137, "I2_11", 698.43, -1835.43, "T", "DIP", "$1N49769", "", "C", 62.99, 62.99, 35.43],
		[138, "I2_11", 698.43, -1835.43, "B", "DIP", "$1N49769", "", "C", 62.99, 62.99, 35.43],
		[139, "I2_9", 698.43, -1635.43, "T", "DIP", "$1N49754", "", "C", 62.99, 62.99, 35.43],
		[140, "I2_9", 698.43, -1635.43, "B", "DIP", "$1N49754", "", "C", 62.99, 62.99, 35.43],
		[141, "I2_7", 698.43, -1435.43, "T", "DIP", "$1N49739", "", "C", 62.99, 62.99, 35.43],
		[142, "I2_7", 698.43, -1435.43, "B", "DIP", "$1N49739", "", "C", 62.99, 62.99, 35.43],
		[143, "I2_5", 698.43, -1235.43, "T", "DIP", "$1N49727", "", "C", 62.99, 62.99, 35.43],
		[144, "I2_5", 698.43, -1235.43, "B", "DIP", "$1N49727", "", "C", 62.99, 62.99, 35.43],
		[145, "I2_4", 698.43, -1135.43, "T", "DIP", "GND", "GND", "C", 62.99, 62.99, 35.43],
		[146, "I2_4", 698.43, -1135.43, "B", "DIP", "GND", "GND", "C", 62.99, 62.99, 35.43],
		[147, "I2_6", 698.43, -1335.43, "T", "DIP", "$1N49736", "", "C", 62.99, 62.99, 35.43],
		[148, "I2_6", 698.43, -1335.43, "B", "DIP", "$1N49736", "", "C", 62.99, 62.99, 35.43],
		[149, "I2_8", 698.43, -1535.43, "T", "DIP", "$1N49748", "", "C", 62.99, 62.99, 35.43],
		[150, "I2_8", 698.43, -1535.43, "B", "DIP", "$1N49748", "", "C", 62.99, 62.99, 35.43],
		[151, "I2_10", 698.43, -1735.43, "T", "DIP", "$1N49763", "", "C", 62.99, 62.99, 35.43],
		[152, "I2_10", 698.43, -1735.43, "B", "DIP", "$1N49763", "", "C", 62.99, 62.99, 35.43],
		[153, "I2_12", 698.43, -1935.43, "T", "DIP", "$1N2131", "", "C", 62.99, 62.99, 35.43],
		[154, "I2_12", 698.43, -1935.43, "B", "DIP", "$1N2131", "", "C", 62.99, 62.99, 35.43],
		[155, "I2_14", 698.43, -2135.43, "T", "DIP", "$1N71312", "", "C", 62.99, 62.99, 35.43],
		[156, "I2_14", 698.43, -2135.43, "B", "DIP", "$1N71312", "", "C", 62.99, 62.99, 35.43],
		[157, "I2_16", 98.43, -2235.43, "T", "DIP", "$1N59158", "", "C", 62.99, 62.99, 35.43],
		[158, "I2_16", 98.43, -2235.43, "B", "DIP", "$1N59158", "", "C", 62.99, 62.99, 35.43],
		[159, "I2_20", 98.43, -1835.43, "T", "DIP", "$1N76680", "", "C", 62.99, 62.99, 35.43],
		[160, "I2_20", 98.43, -1835.43, "B", "DIP", "$1N76680", "", "C", 62.99, 62.99, 35.43],
		[161, "I2_22", 98.43, -1635.43, "T", "DIP", "$1N76709", "", "C", 62.99, 62.99, 35.43],
		[162, "I2_22", 98.43, -1635.43, "B", "DIP", "$1N76709", "", "C", 62.99, 62.99, 35.43],
		[163, "I2_30", 98.43, -835.43, "T", "DIP", "+12", "", "R", 62.99, 62.99, 35.43],
		[164, "I2_30", 98.43, -835.43, "B", "DIP", "+12", "", "R", 62.99, 62.99, 35.43],
		[165, "U5_1", 280, -3403.5, "B", "SMD", "$1N92984", "", "O", 22.38, 76.78, 0],
		[166, "U5_2", 330, -3403.5, "B", "SMD", "$1N92984", "", "O", 22.38, 76.78, 0],
		[167, "U5_3", 380, -3403.5, "B", "SMD", "$1N92979", "", "O", 22.38, 76.78, 0],
		[168, "U5_4", 430, -3403.5, "B", "SMD", "-12", "", "O", 22.38, 76.78, 0],
		[169, "U5_8", 280, -3616.5, "B", "SMD", "+12", "", "O", 22.38, 76.78, 0],
		[170, "U5_7", 330, -3616.5, "B", "SMD", "$1N96363", "", "O", 22.38, 76.78, 0],
		[171, "U5_6", 380, -3616.5, "B", "SMD", "$1N96351", "", "O", 22.38, 76.78, 0],
		[172, "U5_5", 430, -3616.5, "B", "SMD", "$1N92899", "", "O", 22.38, 76.78, 0],
		[173, "R104_2", 364.37, -3735, "B", "SMD", "$1N93083", "", "R", 44.59, 54.21, 0],
		[174, "R104_1", 285.63, -3735, "B", "SMD", "$1N96363", "", "R", 44.59, 54.21, 0],
		[175, "R106_2", 708.66, -3844.37, "B", "SMD", "$1N69842", "", "R", 44.59, 54.21, 0],
		[176, "R106_1", 708.66, -3765.63, "B", "SMD", "GND", "GND", "R", 44.59, 54.21, 0],
		[177, "R25_2", 435.63, -3735, "B", "SMD", "$1N96351", "", "R", 44.59, 54.21, 0],
		[178, "R25_1", 514.37, -3735, "B", "SMD", "GND", "GND", "R", 44.59, 54.21, 0],
		[179, "R105_2", 708.66, -3565.63, "B", "SMD", "$1N92979", "", "R", 44.59, 54.21, 0],
		[180, "R105_1", 708.66, -3644.37, "B", "SMD", "GND", "GND", "R", 44.59, 54.21, 0],
		[181, "U3_1", 700.27, -352.96, "T", "DIP", "GND", "GND", "R", 70.87, 70.87, 39.37],
		[182, "U3_1", 700.27, -352.96, "B", "DIP", "GND", "GND", "R", 70.87, 70.87, 39.37],
		[183, "U3_3", 700.27, -156.11, "T", "DIP", "+5V", "", "C", 70.87, 70.87, 39.37],
		[184, "U3_3", 700.27, -156.11, "B", "DIP", "+5V", "", "C", 70.87, 70.87, 39.37],
		[185, "U3_2", 700.27, -254.53, "T", "DIP", "$1N34829", "", "C", 70.87, 70.87, 39.37],
		[186, "U3_2", 700.27, -254.53, "B", "DIP", "$1N34829", "", "C", 70.87, 70.87, 39.37],
		[187, "C10_2", 514.37, -3855, "B", "SMD", "$1N69842", "", "R", 44.59, 54.21, 0],
		[188, "C10_1", 435.63, -3855, "B", "SMD", "$1N93083", "", "R", 44.59, 54.21, 0],
		[189, "D12_2", 265, -246.93, "B", "SMD", "-12", "", "R", 47.24, 37.4, 0],
		[190, "D12_1", 265, -113.07, "B", "SMD", "$1N106425", "", "R", 47.24, 37.4, 0],
		[191, "C3_2", 590.55, -2539.37, "B", "SMD", "$1N76680", "", "R", 44.59, 54.21, 0],
		[192, "C3_1", 590.55, -2460.63, "B", "SMD", "GND", "GND", "R", 44.59, 54.21, 0],
		[193, "C11_2", 129.91, -3129.94, "B", "SMD", "$1N74367", "", "R", 44.59, 54.21, 0],
		[194, "C11_1", 129.91, -3051.2, "B", "SMD", "GND", "GND", "R", 44.59, 54.21, 0],
		[195, "C9_2", 708.66, -3484.37, "B", "SMD", "$1N92979", "", "R", 44.59, 54.21, 0],
		[196, "C9_1", 708.66, -3405.63, "B", "SMD", "$1N63763", "", "R", 44.59, 54.21, 0],
		[197, "C4_2", 590.55, -3129.92, "B", "SMD", "$1N76709", "", "R", 44.59, 54.21, 0],
		[198, "C4_1", 590.55, -3051.18, "B", "SMD", "GND", "GND", "R", 44.59, 54.21, 0],
		[199, "R12_2", 698.03, -511.81, "B", "SMD", "$1N114941", "", "R", 44.59, 54.21, 0],
		[200, "R12_1", 698.03, -433.07, "B", "SMD", "$1N34829", "", "R", 44.59, 54.21, 0],
		[201, "R3_2", 129.92, -2637.8, "B", "SMD", "$1N111357", "", "R", 44.59, 54.21, 0],
		[202, "R3_1", 51.18, -2637.8, "B", "SMD", "$1N114827", "", "R", 44.59, 54.21, 0],
		[203, "C2_2", 129.92, -2539.37, "B", "SMD", "$1N114827", "", "R", 44.59, 54.21, 0],
		[204, "C2_1", 129.92, -2460.63, "B", "SMD", "GND", "GND", "R", 44.59, 54.21, 0],
		[205, "C7_2", 129.92, -3775, "B", "SMD", "GND", "GND", "R", 44.59, 54.21, 0],
		[206, "C7_1", 51.18, -3775, "B", "SMD", "$1N114897", "", "R", 44.59, 54.21, 0],
		[207, "C6_2", 698.03, -688.98, "B", "SMD", "GND", "GND", "R", 44.59, 54.21, 0],
		[208, "C6_1", 698.03, -610.24, "B", "SMD", "$1N114941", "", "R", 44.59, 54.21, 0],
		[209, "R21_2", 510, -3619.37, "B", "SMD", "$1N92899", "", "R", 44.59, 54.21, 0],
		[210, "R21_1", 510, -3540.63, "B", "SMD", "$1N92984", "", "R", 44.59, 54.21, 0],
		[211, "R100_2", 208.66, -2539.37, "B", "SMD", "$1N114827", "", "R", 44.59, 54.21, 0],
		[212, "R100_1", 208.66, -2460.63, "B", "SMD", "GND", "GND", "R", 44.59, 54.21, 0],
		[213, "C5_2", 588.54, -2151.47, "B", "SMD", "GND", "GND", "R", 44.59, 54.21, 0],
		[214, "C5_1", 588.54, -2075.39, "B", "SMD", "$1N62338", "", "R", 44.59, 54.21, 0],
		[215, "C8_2", 509.8, -2232.87, "B", "SMD", "$1N63763", "", "R", 44.59, 54.21, 0],
		[216, "C8_1", 509.8, -2308.95, "B", "SMD", "GND", "GND", "R", 44.59, 54.21, 0],
		[217, "C13_2", 219.89, -629.92, "B", "SMD", "+12", "", "R", 44.59, 54.21, 0],
		[218, "C13_1", 143.81, -629.92, "B", "SMD", "GND", "GND", "R", 44.59, 54.21, 0],
		[219, "R1_2", 509.8, -1917.9, "B", "SMD", "$1N2131", "", "R", 44.59, 54.21, 0],
		[220, "R1_1", 509.8, -1993.98, "B", "SMD", "$1N62338", "", "R", 44.59, 54.21, 0],
		[221, "R2_2", 588.54, -1917.9, "B", "SMD", "$1N2134", "", "R", 44.59, 54.21, 0],
		[222, "R2_1", 588.54, -1993.98, "B", "SMD", "$1N62338", "", "R", 44.59, 54.21, 0],
		[223, "R13_2", 414.67, -1376.67, "B", "SMD", "$1N49727", "", "R", 31.75, 34.02, 0],
		[224, "R13_1", 372.73, -1418.61, "B", "SMD", "$1N49730", "", "R", 31.75, 34.02, 0],
		[225, "R14_2", 414.67, -1494.78, "B", "SMD", "$1N49736", "", "R", 31.75, 34.02, 0],
		[226, "R14_1", 372.73, -1536.72, "B", "SMD", "$1N49733", "", "R", 31.75, 34.02, 0],
		[227, "R15_2", 410.97, -1612.89, "B", "SMD", "$1N49739", "", "R", 31.75, 34.02, 0],
		[228, "R15_1", 369.03, -1654.83, "B", "SMD", "$1N49742", "", "R", 31.75, 34.02, 0],
		[229, "R16_2", 560.89, -1535.43, "B", "SMD", "$1N37453", "", "R", 31.75, 34.02, 0],
		[230, "R16_1", 620.21, -1535.43, "B", "SMD", "$1N49748", "", "R", 31.75, 34.02, 0],
		[231, "R17_2", 560.89, -1614.17, "B", "SMD", "$1N49757", "", "R", 31.75, 34.02, 0],
		[232, "R17_1", 620.21, -1614.17, "B", "SMD", "$1N49754", "", "R", 31.75, 34.02, 0],
		[233, "R18_2", 560.89, -1692.91, "B", "SMD", "$1N49760", "", "R", 31.75, 34.02, 0],
		[234, "R18_1", 620.21, -1692.91, "B", "SMD", "$1N49763", "", "R", 31.75, 34.02, 0],
		[235, "R19_2", 560.89, -1771.65, "B", "SMD", "$1N49766", "", "R", 31.75, 34.02, 0],
		[236, "R19_1", 620.21, -1771.65, "B", "SMD", "$1N49769", "", "R", 31.75, 34.02, 0],
		[237, "R20_2", 509.8, -2075.39, "B", "SMD", "$1N62338", "", "R", 44.59, 54.21, 0],
		[238, "R20_1", 509.8, -2151.47, "B", "SMD", "$1N63763", "", "R", 44.59, 54.21, 0]
	]
}
}